{"cameraMode":{"drawMode":0,"name":"Shaded","section":"Shading Mode"},"sceneLighting":false,"audioPlay":false,"sceneViewState":{"showFog":true,"showMaterialUpdate":false,"showSkybox":false,"showFlares":true,"showImageEffects":true,"showParticleSystems":true},"in2DMode":false,"pivot":{"x":23.184743881225587,"y":-0.8895562887191773,"z":-21.765474319458009},"rotation":{"x":0.031876035034656528,"y":0.9136914014816284,"z":-0.07307587563991547,"w":0.398532509803772},"size":23.266620635986329,"orthographic":false}