{"cameraMode":{"drawMode":0,"name":"Shaded","section":"Shading Mode"},"sceneLighting":false,"audioPlay":false,"sceneViewState":{"showFog":true,"showMaterialUpdate":false,"showSkybox":false,"showFlares":true,"showImageEffects":true,"showParticleSystems":true},"in2DMode":false,"pivot":{"x":19.207000732421876,"y":0.6340904235839844,"z":32.56700134277344},"rotation":{"x":-0.022916976362466813,"y":-0.9636061191558838,"z":0.25150734186172488,"w":-0.08782889693975449},"size":0.32231849431991579,"orthographic":false}